center,left,right,steering,throttle,brake,speed
IMG/center_2016_12_01_13_32_45_275.jpg, IMG/left_2016_12_01_13_32_45_275.jpg, IMG/right_2016_12_01_13_32_45_275.jpg, 0.08089697, 0.9855326, 0, 21.52514
IMG/center_2016_12_01_13_33_15_544.jpg, IMG/left_2016_12_01_13_33_15_544.jpg, IMG/right_2016_12_01_13_33_15_544.jpg, -0.1547008, 0.9855326, 0, 30.17984
IMG/center_2016_12_01_13_33_16_555.jpg, IMG/left_2016_12_01_13_33_16_555.jpg, IMG/right_2016_12_01_13_33_16_555.jpg, 0.1574452, 0.9855326, 0, 30.18046
IMG/center_2016_12_01_13_33_16_856.jpg, IMG/left_2016_12_01_13_33_16_856.jpg, IMG/right_2016_12_01_13_33_16_856.jpg, 0, 0.9855326, 0, 30.18643